state_id,state,year,co2,gdp
1,Alabama,1997,135.5267197,32887
1,Alabama,1998,135.5477822,33736
1,Alabama,1999,138.156619,34783
1,Alabama,2000,143.9280378,35165
1,Alabama,2001,135.4353895,35008
1,Alabama,2002,140.4308927,35908
1,Alabama,2003,141.2242597,36636
1,Alabama,2004,144.0047448,38737
1,Alabama,2005,145.7173863,39692
1,Alabama,2006,148.0401034,39922
1,Alabama,2007,149.574946,39776
1,Alabama,2008,141.8033585,39273
1,Alabama,2009,121.9489165,37416
1,Alabama,2010,134.6145394,38086
1,Alabama,2011,131.6466886,38564
1,Alabama,2012,125.1123942,38700
1,Alabama,2013,122.5127295,38976
1,Alabama,2014,124.7516782,38499
1,Alabama,2015,121.6823527,38876
1,Alabama,2016,115.7217628,39007
2,Alaska,1997,42.39331969,68947
2,Alaska,1998,43.75411783,66390
2,Alaska,1999,44.37700817,65178
2,Alaska,2000,44.92110786,62929
2,Alaska,2001,44.0909548,64657
2,Alaska,2002,44.26656253,66758
2,Alaska,2003,44.31680478,65006
2,Alaska,2004,47.63101961,66337
2,Alaska,2005,49.01759304,67549
2,Alaska,2006,46.64466,71845
2,Alaska,2007,44.87069526,75135
2,Alaska,2008,40.25326055,74018
2,Alaska,2009,38.58861965,79894
2,Alaska,2010,39.46557616,75841
2,Alaska,2011,39.3064648,75659
2,Alaska,2012,38.82916453,78911
2,Alaska,2013,36.65924741,74312
2,Alaska,2014,35.79549643,72220
2,Alaska,2015,36.69673088,72635
2,Alaska,2016,35.10159324,70876
3,Arizona,1997,72.13827541,35582
3,Arizona,1998,77.57569055,37503
3,Arizona,1999,81.56061753,39431
3,Arizona,2000,87.08940844,40265
3,Arizona,2001,89.62173669,40326
3,Arizona,2002,88.98917499,40641
3,Arizona,2003,90.81161866,42346
3,Arizona,2004,98.20282458,43034
3,Arizona,2005,98.28973649,45052
3,Arizona,2006,101.4688347,45991
3,Arizona,2007,103.3570569,46194
3,Arizona,2008,103.8413653,44182
3,Arizona,2009,94.83657925,40214
3,Arizona,2010,96.63758051,40188
3,Arizona,2011,94.61717478,40710
3,Arizona,2012,92.78088001,40996
3,Arizona,2013,96.45060207,40832
3,Arizona,2014,94.371266,40768
3,Arizona,2015,92.11136091,41083
3,Arizona,2016,87.48484475,41726
4,Arkansas,1997,59.9815303,31816
4,Arkansas,1998,61.74357954,32287
4,Arkansas,1999,64.05157885,33681
4,Arkansas,2000,64.35520776,33677
4,Arkansas,2001,63.62864593,33409
4,Arkansas,2002,62.15596833,34326
4,Arkansas,2003,62.81849584,35432
4,Arkansas,2004,63.37533597,36808
4,Arkansas,2005,61.08076091,37630
4,Arkansas,2006,62.91800258,37898
4,Arkansas,2007,64.21332007,37265
4,Arkansas,2008,65.14190893,36803
4,Arkansas,2009,62.4196531,35393
4,Arkansas,2010,66.72373135,36253
4,Arkansas,2011,68.14575529,36852
4,Arkansas,2012,67.03620587,36873
4,Arkansas,2013,69.34316827,37804
4,Arkansas,2014,69.89255483,38015
4,Arkansas,2015,60.01148082,38007
4,Arkansas,2016,62.75431617,38037
5,California,1997,349.5215291,42438
5,California,1998,362.2993318,44574
5,California,1999,366.3136751,47236
5,California,2000,381.6938607,50310
5,California,2001,386.8482341,49385
5,California,2002,385.3615257,50002
5,California,2003,373.8457219,51780
5,California,2004,393.1861812,53474
5,California,2005,390.1335667,55547
5,California,2006,398.3024099,57527
5,California,2007,403.127766,58030
5,California,2008,387.4281381,57675
5,California,2009,373.8008826,54827
5,California,2010,367.8176526,55137
5,California,2011,353.2249046,55520
5,California,2012,358.6040285,56406
5,California,2013,360.7167229,57914
5,California,2014,357.4990775,59686
5,California,2015,365.4099074,62132
5,California,2016,363.3429659,63635
6,Colorado,1997,75.82378594,45839
6,Colorado,1998,78.63059834,48845
6,Colorado,1999,80.58638679,51183
6,Colorado,2000,85.48909575,53792
6,Colorado,2001,93.83048864,53411
6,Colorado,2002,91.95456149,52731
6,Colorado,2003,91.26251019,52673
6,Colorado,2004,94.53527027,52633
6,Colorado,2005,96.79559684,54155
6,Colorado,2006,97.70027127,54259
6,Colorado,2007,100.2541001,55076
6,Colorado,2008,98.38813748,54750
6,Colorado,2009,94.15203443,52769
6,Colorado,2010,96.61173344,52454
6,Colorado,2011,92.8393169,52514
6,Colorado,2012,91.9055792,52739
6,Colorado,2013,92.35203488,53688
6,Colorado,2014,92.91106792,55221
6,Colorado,2015,91.5809911,56553
6,Colorado,2016,89.52953155,56940
7,Connecticut,1997,43.1140666,56964
7,Connecticut,1998,40.99284603,58314
7,Connecticut,1999,42.27228039,59718
7,Connecticut,2000,43.47410521,63419
7,Connecticut,2001,42.2827178,64171
7,Connecticut,2002,40.64132736,63595
7,Connecticut,2003,43.3318502,63783
7,Connecticut,2004,45.33705283,67828
7,Connecticut,2005,44.80600855,69144
7,Connecticut,2006,41.66209173,71524
7,Connecticut,2007,40.83531662,74031
7,Connecticut,2008,38.25359051,73252
7,Connecticut,2009,36.48433115,69639
7,Connecticut,2010,36.77089861,69120
7,Connecticut,2011,35.34153643,67379
7,Connecticut,2012,34.66599501,67766
7,Connecticut,2013,35.35821657,66921
7,Connecticut,2014,35.60626768,65985
7,Connecticut,2015,36.96912632,67333
7,Connecticut,2016,34.49012973,67364
8,Delaware,1997,15.48132336,60188
8,Delaware,1998,15.15387811,65165
8,Delaware,1999,15.35749699,69500
8,Delaware,2000,16.15203333,71352
8,Delaware,2001,15.69833669,74000
8,Delaware,2002,15.45373043,70474
8,Delaware,2003,15.99706077,70852
8,Delaware,2004,16.26048203,73041
8,Delaware,2005,17.05696472,70962
8,Delaware,2006,15.97115842,71569
8,Delaware,2007,16.78320841,70244
8,Delaware,2008,15.86211626,66363
8,Delaware,2009,12.16596468,67738
8,Delaware,2010,11.42923585,66706
8,Delaware,2011,12.41162326,68310
8,Delaware,2012,13.585438,67595
8,Delaware,2013,13.28400127,63946
8,Delaware,2014,12.91021355,68135
8,Delaware,2015,13.01211868,69541
8,Delaware,2016,13.3828023,66972
9,District of Columbia,1997,4.287390708,140252
9,District of Columbia,1998,4.129655892,143640
9,District of Columbia,1999,4.212269353,148467
9,District of Columbia,2000,4.344778909,149053
9,District of Columbia,2001,4.133383822,154056
9,District of Columbia,2002,4.230759515,159110
9,District of Columbia,2003,3.97492969,163632
9,District of Columbia,2004,4.066588402,172254
9,District of Columbia,2005,3.984123562,176245
9,District of Columbia,2006,3.229447575,175653
9,District of Columbia,2007,3.425608374,179241
9,District of Columbia,2008,3.130069865,183971
9,District of Columbia,2009,3.223235733,179578
9,District of Columbia,2010,3.256371657,181747
9,District of Columbia,2011,3.121709246,180561
9,District of Columbia,2012,2.689762322,177362
9,District of Columbia,2013,2.864564717,173320
9,District of Columbia,2014,3.058482654,173974
9,District of Columbia,2015,3.024267026,174318
9,District of Columbia,2016,2.779124348,174767
10,Florida,1997,220.6890046,36934
10,Florida,1998,235.1738698,38106
10,Florida,1999,234.8308633,39127
10,Florida,2000,242.6058165,40049
10,Florida,2001,241.8038916,40267
10,Florida,2002,245.1785577,41062
10,Florida,2003,249.2230807,42074
10,Florida,2004,261.5331269,43471
10,Florida,2005,264.9963792,45193
10,Florida,2006,263.1572961,45926
10,Florida,2007,260.57825,45507
10,Florida,2008,242.271887,43353
10,Florida,2009,227.7251489,40652
10,Florida,2010,245.6703815,40655
10,Florida,2011,232.2479835,39992
10,Florida,2012,226.3427221,39775
10,Florida,2013,224.9667603,40035
10,Florida,2014,230.6521299,40423
10,Florida,2015,235.1618644,41287
10,Florida,2016,231.3292935,41816
11,Georgia,1997,157.9587476,42809
11,Georgia,1998,159.9933415,44854
11,Georgia,1999,162.7237201,46931
11,Georgia,2000,170.6247845,47791
11,Georgia,2001,163.0578801,47377
11,Georgia,2002,167.9301317,47024
11,Georgia,2003,170.906517,47617
11,Georgia,2004,176.7345709,48957
11,Georgia,2005,187.4100935,49915
11,Georgia,2006,184.6422552,49213
11,Georgia,2007,187.1417156,48456
11,Georgia,2008,174.5386649,46652
11,Georgia,2009,164.5726725,44306
11,Georgia,2010,173.9598769,44584
11,Georgia,2011,158.3758389,44838
11,Georgia,2012,138.2821899,44811
11,Georgia,2013,136.3572969,45159
11,Georgia,2014,141.3997015,46020
11,Georgia,2015,138.7702353,47024
11,Georgia,2016,136.9917465,48029
12,Hawaii,1997,18.76883577,45953
12,Hawaii,1998,18.94486592,44732
12,Hawaii,1999,18.6528146,45594
12,Hawaii,2000,18.86904881,46491
12,Hawaii,2001,19.38483686,45695
12,Hawaii,2002,20.66521454,46718
12,Hawaii,2003,21.61666446,48626
12,Hawaii,2004,22.6875711,50981
12,Hawaii,2005,23.3025325,53039
12,Hawaii,2006,23.54509621,53754
12,Hawaii,2007,24.34460376,54110
12,Hawaii,2008,19.56152546,53812
12,Hawaii,2009,19.14462319,51306
12,Hawaii,2010,19.25908178,52065
12,Hawaii,2011,19.69475434,52296
12,Hawaii,2012,19.17928109,52832
12,Hawaii,2013,18.66043968,52753
12,Hawaii,2014,18.59896623,52553
12,Hawaii,2015,18.75922415,53994
12,Hawaii,2016,18.54598681,54985
13,Idaho,1997,13.95182917,30130
13,Idaho,1998,14.29193895,30975
13,Idaho,1999,15.19014697,33313
13,Idaho,2000,15.87733244,36419
13,Idaho,2001,15.8221572,34897
13,Idaho,2002,15.24578354,35220
13,Idaho,2003,14.61745329,35600
13,Idaho,2004,15.9086887,36817
13,Idaho,2005,16.06803963,38780
13,Idaho,2006,16.08433252,39212
13,Idaho,2007,16.58538362,39003
13,Idaho,2008,15.80988428,38912
13,Idaho,2009,15.42268217,36725
13,Idaho,2010,16.21717713,36862
13,Idaho,2011,16.01898224,36507
13,Idaho,2012,15.92175481,36223
13,Idaho,2013,17.39175478,37158
13,Idaho,2014,16.90093667,37639
13,Idaho,2015,18.18610143,38286
13,Idaho,2016,18.48308674,38966
14,Illinois,1997,226.7740771,47416
14,Illinois,1998,218.0682088,48553
14,Illinois,1999,227.6690984,49949
14,Illinois,2000,234.3797363,51612
14,Illinois,2001,225.9650625,51582
14,Illinois,2002,228.4421204,51724
14,Illinois,2003,231.7532518,52233
14,Illinois,2004,239.8057647,53477
14,Illinois,2005,246.0321942,54393
14,Illinois,2006,237.5198847,55718
14,Illinois,2007,245.0962453,56137
14,Illinois,2008,243.7451767,54870
14,Illinois,2009,228.2756422,53370
14,Illinois,2010,233.1297035,54120
14,Illinois,2011,231.8141194,54971
14,Illinois,2012,219.3751446,55962
14,Illinois,2013,232.5705641,56214
14,Illinois,2014,235.4120725,56994
14,Illinois,2015,217.7869036,57596
14,Illinois,2016,205.1901717,57829
15,Indiana,1997,217.9210537,38999
15,Indiana,1998,219.9276013,41071
15,Indiana,1999,225.8966686,42099
15,Indiana,2000,239.0738716,43286
15,Indiana,2001,228.9985184,42211
15,Indiana,2002,232.4442424,43065
15,Indiana,2003,238.2772288,44410
15,Indiana,2004,238.3888026,45669
15,Indiana,2005,237.388699,45471
15,Indiana,2006,234.9272903,45995
15,Indiana,2007,234.556329,46934
15,Indiana,2008,230.3032331,46424
15,Indiana,2009,207.0273399,42957
15,Indiana,2010,219.2957218,45475
15,Indiana,2011,211.7741723,45504
15,Indiana,2012,197.3557924,45528
15,Indiana,2013,202.591031,46276
15,Indiana,2014,207.945714,47482
15,Indiana,2015,188.4001893,46918
15,Indiana,2016,182.8540518,47570
16,Iowa,1997,71.40876631,39212
16,Iowa,1998,75.63727781,39351
16,Iowa,1999,77.63550329,39985
16,Iowa,2000,78.67722622,41706
16,Iowa,2001,77.60789072,41156
16,Iowa,2002,78.2659378,42293
16,Iowa,2003,77.74530066,43955
16,Iowa,2004,80.31515457,47314
16,Iowa,2005,79.96547976,48534
16,Iowa,2006,81.21459515,48912
16,Iowa,2007,86.47383256,50764
16,Iowa,2008,90.43695069,49435
16,Iowa,2009,85.270884,48013
16,Iowa,2010,89.60533637,49024
16,Iowa,2011,86.61086103,49368
16,Iowa,2012,80.6164634,51149
16,Iowa,2013,82.02422182,50693
16,Iowa,2014,82.85968814,53041
16,Iowa,2015,76.8213093,53927
16,Iowa,2016,73.53494056,53902
17,Kansas,1997,71.97632816,39757
17,Kansas,1998,71.40638083,40783
17,Kansas,1999,75.08906523,41519
17,Kansas,2000,76.64047646,42311
17,Kansas,2001,72.43445725,42134
17,Kansas,2002,77.50021483,42584
17,Kansas,2003,79.32905905,43143
17,Kansas,2004,76.56828441,43111
17,Kansas,2005,72.774211,44534
17,Kansas,2006,72.97261444,46653
17,Kansas,2007,80.81165277,48735
17,Kansas,2008,75.39051487,49378
17,Kansas,2009,73.55984177,47049
17,Kansas,2010,73.20581632,47210
17,Kansas,2011,71.32553308,48301
17,Kansas,2012,66.63949515,48687
17,Kansas,2013,70.2917992,48569
17,Kansas,2014,70.49105476,49371
17,Kansas,2015,64.74630317,49886
17,Kansas,2016,62.40428282,50949
18,Kentucky,1997,142.3514148,37179
18,Kentucky,1998,140.4278212,38027
18,Kentucky,1999,144.685719,38890
18,Kentucky,2000,145.4688348,37569
18,Kentucky,2001,147.2714151,37344
18,Kentucky,2002,147.9937335,38064
18,Kentucky,2003,143.9519788,38662
18,Kentucky,2004,149.820376,39419
18,Kentucky,2005,152.0686015,40358
18,Kentucky,2006,154.3521609,41082
18,Kentucky,2007,154.701423,40376
18,Kentucky,2008,152.4477502,40130
18,Kentucky,2009,141.9038266,38224
18,Kentucky,2010,151.1809947,39569
18,Kentucky,2011,150.000817,39862
18,Kentucky,2012,138.7812732,40218
18,Kentucky,2013,137.9771074,40779
18,Kentucky,2014,139.3263993,40756
18,Kentucky,2015,129.8350973,40837
18,Kentucky,2016,124.6023682,40932
19,Louisiana,1997,222.5959538,45652
19,Louisiana,1998,208.966861,46997
19,Louisiana,1999,208.1011812,47739
19,Louisiana,2000,228.3497702,46219
19,Louisiana,2001,201.0647138,46684
19,Louisiana,2002,209.9118329,47395
19,Louisiana,2003,206.4504751,48936
19,Louisiana,2004,217.5420882,50876
19,Louisiana,2005,208.8137613,53647
19,Louisiana,2006,220.8907081,56554
19,Louisiana,2007,225.6364173,53620
19,Louisiana,2008,229.085718,53043
19,Louisiana,2009,212.0342863,53136
19,Louisiana,2010,224.4922737,54424
19,Louisiana,2011,227.1206681,51168
19,Louisiana,2012,215.1126511,50758
19,Louisiana,2013,206.2354831,48979
19,Louisiana,2014,203.7761384,49871
19,Louisiana,2015,206.4750412,49542
19,Louisiana,2016,210.2802274,48753
20,Maine,1997,19.94334238,34297
20,Maine,1998,19.7126782,35130
20,Maine,1999,20.77211826,36622
20,Maine,2000,22.62889219,37996
20,Maine,2001,22.78169755,38438
20,Maine,2002,24.33974742,39070
20,Maine,2003,23.96664544,39593
20,Maine,2004,24.40495714,40748
20,Maine,2005,23.51361664,40653
20,Maine,2006,21.59316337,41001
20,Maine,2007,21.26384108,40693
20,Maine,2008,19.38659839,40527
20,Maine,2009,18.68071577,39910
20,Maine,2010,18.34549067,40507
20,Maine,2011,17.78632706,39977
20,Maine,2012,16.07670484,39812
20,Maine,2013,16.82159644,39538
20,Maine,2014,16.86281667,40197
20,Maine,2015,17.07281364,40393
20,Maine,2016,16.55238275,41017
21,Maryland,1997,72.33725557,42887
21,Maryland,1998,75.37339779,44545
21,Maryland,1999,77.93108856,45848
21,Maryland,2000,77.69044326,47257
21,Maryland,2001,77.56681221,48519
21,Maryland,2002,77.55944096,49791
21,Maryland,2003,80.36054662,50571
21,Maryland,2004,81.17002342,52662
21,Maryland,2005,83.36961768,54716
21,Maryland,2006,78.36200779,55387
21,Maryland,2007,78.66125667,55204
21,Maryland,2008,74.91712909,55560
21,Maryland,2009,71.56702343,54946
21,Maryland,2010,70.08611892,56536
21,Maryland,2011,65.283447,57214
21,Maryland,2012,60.78814444,56830
21,Maryland,2013,59.9377544,56457
21,Maryland,2014,62.18418619,56732
21,Maryland,2015,60.2358593,57411
21,Maryland,2016,57.87476908,58970
22,Massachusetts,1997,86.48042339,48635
22,Massachusetts,1998,84.99899122,50205
22,Massachusetts,1999,82.59182104,52507
22,Massachusetts,2000,83.48191428,56519
22,Massachusetts,2001,83.47241397,56651
22,Massachusetts,2002,84.37139788,56847
22,Massachusetts,2003,85.66520968,58203
22,Massachusetts,2004,84.24944463,59805
22,Massachusetts,2005,85.86788757,61030
22,Massachusetts,2006,77.68995766,62050
22,Massachusetts,2007,81.04676577,63433
22,Massachusetts,2008,77.90151448,63782
22,Massachusetts,2009,71.35315711,62609
22,Massachusetts,2010,72.80550648,64674
22,Massachusetts,2011,68.94415709,65746
22,Massachusetts,2012,62.68941529,66720
22,Massachusetts,2013,66.48863154,66288
22,Massachusetts,2014,64.58990363,67103
22,Massachusetts,2015,66.46115573,69164
22,Massachusetts,2016,64.54393786,70004
23,Michigan,1997,192.1493848,40507
23,Michigan,1998,192.3381947,41257
23,Michigan,1999,200.8116348,43382
23,Michigan,2000,195.6537366,44037
23,Michigan,2001,192.1809258,42400
23,Michigan,2002,191.7803842,43457
23,Michigan,2003,188.3812639,44198
23,Michigan,2004,191.3541637,44175
23,Michigan,2005,193.621782,44845
23,Michigan,2006,182.0506493,44171
23,Michigan,2007,184.0356947,44109
23,Michigan,2008,177.7673423,41893
23,Michigan,2009,166.5279985,38387
23,Michigan,2010,167.0459061,40595
23,Michigan,2011,161.6585759,41662
23,Michigan,2012,155.1329567,42366
23,Michigan,2013,163.7361417,42864
23,Michigan,2014,163.567087,43421
23,Michigan,2015,163.7535558,44370
23,Michigan,2016,152.6020434,45173
24,Minnesota,1997,92.14716334,44494
24,Minnesota,1998,92.72046361,46323
24,Minnesota,1999,93.59502762,47335
24,Minnesota,2000,98.58133785,49858
24,Minnesota,2001,95.72592172,49382
24,Minnesota,2002,98.36725647,50292
24,Minnesota,2003,102.3617744,52214
24,Minnesota,2004,101.9623585,53995
24,Minnesota,2005,103.0617438,55101
24,Minnesota,2006,100.2618816,54608
24,Minnesota,2007,101.8022556,54388
24,Minnesota,2008,101.4067115,54468
24,Minnesota,2009,93.50852583,52157
24,Minnesota,2010,93.16733645,53640
24,Minnesota,2011,92.80203178,54364
24,Minnesota,2012,87.97983828,54725
24,Minnesota,2013,90.76574787,55508
24,Minnesota,2014,96.00409437,56522
24,Minnesota,2015,88.8981806,56732
24,Minnesota,2016,89.74624012,57445
25,Mississippi,1997,56.08894771,29959
25,Mississippi,1998,57.38213401,30423
25,Mississippi,1999,62.5232812,30988
25,Mississippi,2000,61.9389396,30945
25,Mississippi,2001,70.86654107,30564
25,Mississippi,2002,63.37854819,30827
25,Mississippi,2003,64.95704877,31975
25,Mississippi,2004,66.66913134,32416
25,Mississippi,2005,64.94783663,32770
25,Mississippi,2006,66.92605358,33649
25,Mississippi,2007,68.99718591,34219
25,Mississippi,2008,65.55443581,35411
25,Mississippi,2009,61.41720041,33616
25,Mississippi,2010,66.2306054,33660
25,Mississippi,2011,61.28812899,33158
25,Mississippi,2012,63.30146119,33395
25,Mississippi,2013,61.41714976,33344
25,Mississippi,2014,64.71944608,33270
25,Mississippi,2015,66.01461476,33400
25,Mississippi,2016,69.29665646,33526
26,Missouri,1997,126.2000587,41650
26,Missouri,1998,131.186503,42029
26,Missouri,1999,131.7561984,42856
26,Missouri,2000,126.5257624,43880
26,Missouri,2001,131.5120536,43326
26,Missouri,2002,132.6308052,43493
26,Missouri,2003,139.3863585,44101
26,Missouri,2004,140.3749984,44758
26,Missouri,2005,143.5132583,45167
26,Missouri,2006,141.529363,45053
26,Missouri,2007,140.5145587,44905
26,Missouri,2008,137.2855731,45681
26,Missouri,2009,131.5352464,44507
26,Missouri,2010,135.4261328,44988
26,Missouri,2011,135.9731234,44378
26,Missouri,2012,128.3925188,44621
26,Missouri,2013,133.7729878,45008
26,Missouri,2014,133.3278356,45027
26,Missouri,2015,123.9287262,45419
26,Missouri,2016,118.3261886,44837
27,Montana,1997,29.1640731,32780
27,Montana,1998,30.93629622,34138
27,Montana,1999,31.44013694,34092
27,Montana,2000,30.80469608,34716
27,Montana,2001,32.03990204,34897
27,Montana,2002,30.37877747,35678
27,Montana,2003,32.61962045,36801
27,Montana,2004,34.36159781,38037
27,Montana,2005,35.48153187,39439
27,Montana,2006,35.60511638,40340
27,Montana,2007,37.05459779,41856
27,Montana,2008,36.34475703,41132
27,Montana,2009,32.84342727,39978
27,Montana,2010,34.74613157,40932
27,Montana,2011,31.82152599,41603
27,Montana,2012,30.6046602,41858
27,Montana,2013,31.93711863,41934
27,Montana,2014,32.38083,42250
27,Montana,2015,32.32605972,43423
27,Montana,2016,30.62681797,42615
28,Nebraska,1997,41.32090199,41936
28,Nebraska,1998,43.60285427,42640
28,Nebraska,1999,42.43407153,43340
28,Nebraska,2000,42.08540121,44709
28,Nebraska,2001,43.47466528,45503
28,Nebraska,2002,42.98815074,46095
28,Nebraska,2003,44.04228411,48382
28,Nebraska,2004,44.00050617,49207
28,Nebraska,2005,44.40658992,50465
28,Nebraska,2006,44.96954411,51553
28,Nebraska,2007,45.2608493,52364
28,Nebraska,2008,47.3570663,52088
28,Nebraska,2009,48.03351001,51884
28,Nebraska,2010,50.51724194,53475
28,Nebraska,2011,52.94342935,55566
28,Nebraska,2012,51.30017083,55136
28,Nebraska,2013,54.19685504,56248
28,Nebraska,2014,52.84807091,56957
28,Nebraska,2015,51.33576977,58025
28,Nebraska,2016,48.82137947,57892
29,Nevada,1997,38.32271444,51226
29,Nevada,1998,41.250408,51234
29,Nevada,1999,41.90339214,52347
29,Nevada,2000,45.91214286,52183
29,Nevada,2001,45.28336384,50828
29,Nevada,2002,42.02988358,50612
29,Nevada,2003,44.15834428,51391
29,Nevada,2004,48.52649183,54933
29,Nevada,2005,50.69274332,57437
29,Nevada,2006,42.12664336,57562
29,Nevada,2007,42.28259448,55517
29,Nevada,2008,41.52184184,52330
29,Nevada,2009,39.99828799,47396
29,Nevada,2010,38.07968585,47664
29,Nevada,2011,34.29929771,47728
29,Nevada,2012,35.05369589,46520
29,Nevada,2013,36.88110984,46033
29,Nevada,2014,37.69071959,45788
29,Nevada,2015,35.71107104,46886
29,Nevada,2016,36.85283834,46828
30,New Hampshire,1997,16.74796359,40713
30,New Hampshire,1998,16.89190078,42791
30,New Hampshire,1999,17.05673476,43419
30,New Hampshire,2000,17.68877978,45746
30,New Hampshire,2001,17.16315357,45744
30,New Hampshire,2002,17.87878073,46522
30,New Hampshire,2003,21.21723715,48139
30,New Hampshire,2004,22.29484655,49219
30,New Hampshire,2005,21.61847773,49562
30,New Hampshire,2006,19.6810539,50402
30,New Hampshire,2007,19.45395086,50054
30,New Hampshire,2008,19.03548928,49408
30,New Hampshire,2009,17.32449676,48970
30,New Hampshire,2010,16.82186458,50461
30,New Hampshire,2011,16.44561361,50700
30,New Hampshire,2012,14.78435911,51244
30,New Hampshire,2013,14.50216462,52018
30,New Hampshire,2014,15.20314283,52288
30,New Hampshire,2015,15.39557552,53521
30,New Hampshire,2016,13.82860967,54350
31,New Jersey,1997,123.5212748,51855
31,New Jersey,1998,119.832838,52342
31,New Jersey,1999,124.0963103,53688
31,New Jersey,2000,123.3724871,56109
31,New Jersey,2001,120.6808787,56108
31,New Jersey,2002,121.2816481,56947
31,New Jersey,2003,122.6837494,58095
31,New Jersey,2004,125.647534,58785
31,New Jersey,2005,130.5260295,59350
31,New Jersey,2006,123.1632235,60503
31,New Jersey,2007,130.7664951,60708
31,New Jersey,2008,128.6270154,61193
31,New Jersey,2009,111.288246,58380
31,New Jersey,2010,115.4501947,58679
31,New Jersey,2011,115.6843215,57767
31,New Jersey,2012,105.2007212,58516
31,New Jersey,2013,108.7632909,58711
31,New Jersey,2014,114.7278293,58708
31,New Jersey,2015,113.0123753,59546
31,New Jersey,2016,111.4443488,59909
32,New Mexico,1997,56.20718466,38001
32,New Mexico,1998,56.03518325,37406
32,New Mexico,1999,57.05900428,39111
32,New Mexico,2000,58.64237086,39510
32,New Mexico,2001,58.91318475,39337
32,New Mexico,2002,55.92715874,40034
32,New Mexico,2003,58.09966058,41081
32,New Mexico,2004,59.39211373,43514
32,New Mexico,2005,60.01049788,43382
32,New Mexico,2006,60.51409,43774
32,New Mexico,2007,59.64399051,43471
32,New Mexico,2008,57.07432997,42760
32,New Mexico,2009,57.94694589,43042
32,New Mexico,2010,53.77677324,42141
32,New Mexico,2011,56.19670737,41952
32,New Mexico,2012,54.26110387,42044
32,New Mexico,2013,53.73485991,41486
32,New Mexico,2014,50.62208526,42795
32,New Mexico,2015,50.73638182,43612
32,New Mexico,2016,48.65335176,43563
33,New York,1997,206.4362803,52364
33,New York,1998,205.9929074,53139
33,New York,1999,208.170075,55504
33,New York,2000,214.0948233,57258
33,New York,2001,208.5829132,58285
33,New York,2002,202.9855468,57590
33,New York,2003,213.6389292,57621
33,New York,2004,216.6189286,59072
33,New York,2005,212.8778009,61207
33,New York,2006,193.8639277,62807
33,New York,2007,200.4702508,62864
33,New York,2008,190.6951611,61183
33,New York,2009,174.687745,63357
33,New York,2010,176.2573039,65420
33,New York,2011,166.2149475,65002
33,New York,2012,162.8575351,67384
33,New York,2013,164.2410456,66927
33,New York,2014,171.9680464,68182
33,New York,2015,169.8647939,69098
33,New York,2016,164.5562329,69955
34,North Carolina,1997,144.2509398,41318
34,North Carolina,1998,144.3912063,41775
34,North Carolina,1999,142.8845824,43327
34,North Carolina,2000,150.6148251,43908
34,North Carolina,2001,145.7533298,44013
34,North Carolina,2002,147.3697638,43962
34,North Carolina,2003,148.4611877,44465
34,North Carolina,2004,152.1873442,45445
34,North Carolina,2005,156.5910752,46809
34,North Carolina,2006,150.9302067,48511
34,North Carolina,2007,156.7057431,47865
34,North Carolina,2008,151.5230829,48007
34,North Carolina,2009,135.038715,45199
34,North Carolina,2010,144.998572,45268
34,North Carolina,2011,130.323681,45440
34,North Carolina,2012,123.1882033,45060
34,North Carolina,2013,126.7186589,45215
34,North Carolina,2014,129.0194268,45631
34,North Carolina,2015,122.6007324,46597
34,North Carolina,2016,121.2166864,46574
35,North Dakota,1997,47.44540547,34493
35,North Dakota,1998,48.91105599,36572
35,North Dakota,1999,50.01343493,36794
35,North Dakota,2000,51.27460492,38314
35,North Dakota,2001,52.26151396,39147
35,North Dakota,2002,51.92079534,41322
35,North Dakota,2003,51.49846496,43822
35,North Dakota,2004,50.17145002,43844
35,North Dakota,2005,53.1244563,45051
35,North Dakota,2006,51.35677257,46598
35,North Dakota,2007,53.1282312,48509
35,North Dakota,2008,53.55637396,51941
35,North Dakota,2009,52.00704399,52699
35,North Dakota,2010,52.77159406,55887
35,North Dakota,2011,54.26949065,61245
35,North Dakota,2012,56.80240985,73206
35,North Dakota,2013,57.3923555,72666
35,North Dakota,2014,59.3582001,76225
35,North Dakota,2015,57.95750883,72338
35,North Dakota,2016,54.58188984,67601
36,Ohio,1997,261.5781572,41844
36,Ohio,1998,261.3690106,43133
36,Ohio,1999,260.6331526,44026
36,Ohio,2000,267.4010254,44792
36,Ohio,2001,256.9345488,44068
36,Ohio,2002,263.373552,45122
36,Ohio,2003,271.1288141,45707
36,Ohio,2004,267.0057575,46660
36,Ohio,2005,275.2453948,47433
36,Ohio,2006,267.62767,47136
36,Ohio,2007,271.2206391,47077
36,Ohio,2008,263.9702604,46651
36,Ohio,2009,238.6764926,44169
36,Ohio,2010,250.1969303,45158
36,Ohio,2011,238.2101266,46668
36,Ohio,2012,218.4960801,46836
36,Ohio,2013,232.4989626,47615
36,Ohio,2014,234.3569267,49196
36,Ohio,2015,215.3839855,49730
36,Ohio,2016,207.409731,50003
37,Oklahoma,1997,99.33936889,34218
37,Oklahoma,1998,98.29055607,34614
37,Oklahoma,1999,97.82091018,34833
37,Oklahoma,2000,100.711375,35929
37,Oklahoma,2001,102.2670092,37126
37,Oklahoma,2002,102.5519515,37568
37,Oklahoma,2003,104.7000317,37971
37,Oklahoma,2004,100.9268446,38986
37,Oklahoma,2005,108.0804885,40318
37,Oklahoma,2006,111.3331705,42475
37,Oklahoma,2007,110.4514582,42776
37,Oklahoma,2008,113.2956811,43980
37,Oklahoma,2009,107.4656858,42833
37,Oklahoma,2010,106.9876651,42353
37,Oklahoma,2011,108.6613063,43631
37,Oklahoma,2012,106.0517759,45471
37,Oklahoma,2013,104.6285826,46132
37,Oklahoma,2014,105.8650589,48533
37,Oklahoma,2015,101.9563753,49884
37,Oklahoma,2016,97.44445734,48345
38,Oregon,1997,36.15998822,35874
38,Oregon,1998,41.67658156,37039
38,Oregon,1999,42.74229211,37385
38,Oregon,2000,41.44090259,40179
38,Oregon,2001,41.26716323,39415
38,Oregon,2002,39.73432045,39761
38,Oregon,2003,40.17260638,41040
38,Oregon,2004,41.39320467,42807
38,Oregon,2005,41.79546961,43857
38,Oregon,2006,40.93952132,45742
38,Oregon,2007,44.38429077,45968
38,Oregon,2008,43.43133796,46157
38,Oregon,2009,41.48701589,43757
38,Oregon,2010,41.28094905,44048
38,Oregon,2011,37.73233175,44979
38,Oregon,2012,37.4932959,44812
38,Oregon,2013,39.67245541,44852
38,Oregon,2014,38.52713545,45950
38,Oregon,2015,38.61528785,47667
38,Oregon,2016,38.17756704,49073
39,Pennsylvania,1997,277.4107881,40548
39,Pennsylvania,1998,267.6510685,41524
39,Pennsylvania,1999,266.3025516,42692
39,Pennsylvania,2000,278.6152087,43733
39,Pennsylvania,2001,265.8985191,44296
39,Pennsylvania,2002,272.8542521,44623
39,Pennsylvania,2003,276.4042806,45451
39,Pennsylvania,2004,280.0099068,46575
39,Pennsylvania,2005,283.3267454,47233
39,Pennsylvania,2006,277.1417972,47322
39,Pennsylvania,2007,279.7343125,48712
39,Pennsylvania,2008,271.7136736,49461
39,Pennsylvania,2009,246.2208162,47802
39,Pennsylvania,2010,257.9238265,48970
39,Pennsylvania,2011,250.4668992,49547
39,Pennsylvania,2012,240.0909683,50228
39,Pennsylvania,2013,249.5325699,50970
39,Pennsylvania,2014,249.1122366,51976
39,Pennsylvania,2015,232.7127631,53000
39,Pennsylvania,2016,218.6053637,53639
40,Rhode Island,1997,13.73166831,39166
40,Rhode Island,1998,14.08126872,40526
40,Rhode Island,1999,13.43658133,41499
40,Rhode Island,2000,11.87975926,43080
40,Rhode Island,2001,12.46141941,43436
40,Rhode Island,2002,11.88651612,44664
40,Rhode Island,2003,11.66451876,46086
40,Rhode Island,2004,11.12236879,48003
40,Rhode Island,2005,11.39093649,48989
40,Rhode Island,2006,10.68767253,50342
40,Rhode Island,2007,11.23209819,49264
40,Rhode Island,2008,10.83752652,47817
40,Rhode Island,2009,11.41881639,47657
40,Rhode Island,2010,11.16987728,48869
40,Rhode Island,2011,11.19156263,48728
40,Rhode Island,2012,10.70500184,49054
40,Rhode Island,2013,10.28556239,49473
40,Rhode Island,2014,10.78267251,49497
40,Rhode Island,2015,11.03985855,50230
40,Rhode Island,2016,9.803139494,50216
41,South Carolina,1997,71.83803317,34953
41,South Carolina,1998,75.00592067,35757
41,South Carolina,1999,78.17213153,36865
41,South Carolina,2000,81.68303547,37399
41,South Carolina,2001,79.41724135,37172
41,South Carolina,2002,81.04876755,37660
41,South Carolina,2003,81.55792174,38585
41,South Carolina,2004,88.8245327,38528
41,South Carolina,2005,87.44310852,39009
41,South Carolina,2006,87.67737814,39088
41,South Carolina,2007,88.09978288,39398
41,South Carolina,2008,85.89580905,38548
41,South Carolina,2009,80.34000327,36352
41,South Carolina,2010,84.53026987,36707
41,South Carolina,2011,80.55560713,37265
41,South Carolina,2012,74.09636872,37163
41,South Carolina,2013,70.92349866,37546
41,South Carolina,2014,75.18596986,37988
41,South Carolina,2015,73.552626,38685
41,South Carolina,2016,72.10225151,39169
42,South Dakota,1997,13.37488205,33560
42,South Dakota,1998,13.01417579,35456
42,South Dakota,1999,13.65312216,36648
42,South Dakota,2000,14.35594057,38906
42,South Dakota,2001,13.65964223,39245
42,South Dakota,2002,14.01511091,43365
42,South Dakota,2003,13.89949349,44070
42,South Dakota,2004,14.02774841,45524
42,South Dakota,2005,13.52313,46303
42,South Dakota,2006,13.59808498,46561
42,South Dakota,2007,14.10785905,48075
42,South Dakota,2008,15.2324464,49608
42,South Dakota,2009,14.99205935,49230
42,South Dakota,2010,15.31441873,49165
42,South Dakota,2011,14.83528106,51976
42,South Dakota,2012,15.23965495,52181
42,South Dakota,2013,15.66344326,51753
42,South Dakota,2014,15.69340431,51916
42,South Dakota,2015,14.43714605,53089
42,South Dakota,2016,15.07755623,52750
43,Tennessee,1997,122.9909617,38341
43,Tennessee,1998,122.1895177,40174
43,Tennessee,1999,122.8617304,40864
43,Tennessee,2000,128.4481477,40877
43,Tennessee,2001,126.4049981,40468
43,Tennessee,2002,125.79253,41499
43,Tennessee,2003,123.9615166,42379
43,Tennessee,2004,125.7631673,43875
43,Tennessee,2005,127.227049,44175
43,Tennessee,2006,129.1466648,44584
43,Tennessee,2007,128.7580175,43518
43,Tennessee,2008,122.2915236,43540
43,Tennessee,2009,103.5407469,41709
43,Tennessee,2010,111.0963827,41965
43,Tennessee,2011,107.4698867,42963
43,Tennessee,2012,101.1946267,43984
43,Tennessee,2013,99.57754018,44186
43,Tennessee,2014,104.9836212,44576
43,Tennessee,2015,101.2323493,45636
43,Tennessee,2016,103.6399515,46105
44,Texas,1997,646.3050757,44212
44,Texas,1998,656.0991959,46056
44,Texas,1999,632.7072912,46973
44,Texas,2000,655.0012065,47664
44,Texas,2001,649.2938417,47932
44,Texas,2002,660.2536972,48031
44,Texas,2003,653.5660418,47583
44,Texas,2004,648.373462,49241
44,Texas,2005,611.5749752,49732
44,Texas,2006,620.7367492,51811
44,Texas,2007,617.4442541,53470
44,Texas,2008,583.8230882,52481
44,Texas,2009,549.4598022,51264
44,Texas,2010,584.2515349,51571
44,Texas,2011,603.0476744,52401
44,Texas,2012,599.2715153,54121
44,Texas,2013,628.2299584,55595
44,Texas,2014,626.004217,56108
44,Texas,2015,626.4776757,57928
44,Texas,2016,657.4204304,57137
45,Utah,1997,61.29332715,38062
45,Utah,1998,64.07546461,39576
45,Utah,1999,62.9641199,40513
45,Utah,2000,65.64959917,41215
45,Utah,2001,63.56831903,41111
45,Utah,2002,62.82618737,41162
45,Utah,2003,63.55319498,41374
45,Utah,2004,66.21657759,42774
45,Utah,2005,67.86588965,44409
45,Utah,2006,69.10126414,47009
45,Utah,2007,71.02268817,47925
45,Utah,2008,70.23064077,46369
45,Utah,2009,65.36897621,44353
45,Utah,2010,64.5187837,44439
45,Utah,2011,64.95794805,45130
45,Utah,2012,62.36141246,45098
45,Utah,2013,67.66930926,45484
45,Utah,2014,65.94838053,46242
45,Utah,2015,64.28309704,47371
45,Utah,2016,59.08494866,48111
46,Vermont,1997,6.540743625,33531
46,Vermont,1998,6.341023059,34471
46,Vermont,1999,6.596944052,36124
46,Vermont,2000,6.830983485,37765
46,Vermont,2001,6.701653826,38733
46,Vermont,2002,6.447312308,39736
46,Vermont,2003,6.690404657,40950
46,Vermont,2004,7.14885707,42851
46,Vermont,2005,6.92269493,43317
46,Vermont,2006,6.787190709,43559
46,Vermont,2007,6.606395226,42987
46,Vermont,2008,6.035801481,43959
46,Vermont,2009,6.270990663,43207
46,Vermont,2010,5.977807836,44917
46,Vermont,2011,5.898832203,45885
46,Vermont,2012,5.550093454,46175
46,Vermont,2013,5.835585991,45522
46,Vermont,2014,5.978197315,45537
46,Vermont,2015,6.240317364,46072
46,Vermont,2016,5.987707511,46804
47,Virginia,1997,110.8028445,44167
47,Virginia,1998,113.4511417,45964
47,Virginia,1999,115.6625307,47448
47,Virginia,2000,124.345699,48715
47,Virginia,2001,122.2234038,49806
47,Virginia,2002,120.7958782,49714
47,Virginia,2003,124.9147996,51054
47,Virginia,2004,129.1931747,52631
47,Virginia,2005,131.0865962,54782
47,Virginia,2006,124.3558837,55219
47,Virginia,2007,129.5824121,55090
47,Virginia,2008,118.3481589,54357
47,Virginia,2009,107.0881372,53695
47,Virginia,2010,110.1640662,54487
47,Virginia,2011,101.1406115,54469
47,Virginia,2012,99.31791863,54337
47,Virginia,2013,106.4360237,54052
47,Virginia,2014,105.4225905,53569
47,Virginia,2015,104.5207703,54281
47,Virginia,2016,104.811559,54102
48,Washington,1997,76.11241626,47861
48,Washington,1998,77.09054752,50108
48,Washington,1999,77.31529165,53116
48,Washington,2000,79.01872471,52826
48,Washington,2001,78.99357112,50964
48,Washington,2002,72.52300097,51276
48,Washington,2003,74.50893831,51805
48,Washington,2004,76.00710918,52116
48,Washington,2005,77.01226356,54874
48,Washington,2006,74.51098848,55989
48,Washington,2007,80.00798399,58531
48,Washington,2008,76.71176231,58270
48,Washington,2009,74.4998358,55903
48,Washington,2010,74.44353498,56554
48,Washington,2011,69.44531461,56874
48,Washington,2012,69.35035745,58173
48,Washington,2013,74.05238371,59043
48,Washington,2014,72.46026416,60357
48,Washington,2015,74.3603518,61899
48,Washington,2016,79.2906911,63100
49,West Virginia,1997,111.5114341,32563
49,West Virginia,1998,115.5852684,33138
49,West Virginia,1999,116.4083855,34314
49,West Virginia,2000,115.5420832,34339
49,West Virginia,2001,104.9241885,34425
49,West Virginia,2002,118.11013,34787
49,West Virginia,2003,114.5698859,34674
49,West Virginia,2004,111.6083172,35080
49,West Virginia,2005,113.8462416,36006
49,West Virginia,2006,113.8849882,36345
49,West Virginia,2007,116.0367903,36271
49,West Virginia,2008,111.9196729,36890
49,West Virginia,2009,90.74443805,36566
49,West Virginia,2010,101.7829859,36910
49,West Virginia,2011,99.02544621,37554
49,West Virginia,2012,93.48499507,37405
49,West Virginia,2013,95.58319429,37876
49,West Virginia,2014,101.2498305,37803
49,West Virginia,2015,93.26068591,37813
49,West Virginia,2016,95.07261209,37749
50,Wisconsin,1997,104.1471415,39736
50,Wisconsin,1998,102.6634749,41009
50,Wisconsin,1999,107.1595235,42436
50,Wisconsin,2000,109.032409,43373
50,Wisconsin,2001,106.9993486,43669
50,Wisconsin,2002,108.2306515,44259
50,Wisconsin,2003,106.1498209,45238
50,Wisconsin,2004,108.9805133,46428
50,Wisconsin,2005,112.3218962,47269
50,Wisconsin,2006,104.2397258,47775
50,Wisconsin,2007,105.903408,47754
50,Wisconsin,2008,106.4143306,46912
50,Wisconsin,2009,97.32175418,45357
50,Wisconsin,2010,99.60091642,46542
50,Wisconsin,2011,98.66628116,47385
50,Wisconsin,2012,91.58805474,47953
50,Wisconsin,2013,102.1478976,48145
50,Wisconsin,2014,102.3656216,48899
50,Wisconsin,2015,101.1112485,49514
50,Wisconsin,2016,96.13527487,49970
51,Wyoming,1997,59.11900778,51567
51,Wyoming,1998,64.35878327,52651
51,Wyoming,1999,62.93361066,54542
51,Wyoming,2000,63.64346416,56055
51,Wyoming,2001,64.02052936,59113
51,Wyoming,2002,62.76047272,59749
51,Wyoming,2003,64.63187009,60805
51,Wyoming,2004,64.69051445,61932
51,Wyoming,2005,64.02683919,64418
51,Wyoming,2006,64.84516865,71798
51,Wyoming,2007,67.17933275,75410
51,Wyoming,2008,67.69541005,78075
51,Wyoming,2009,64.42965031,73922
51,Wyoming,2010,65.90470589,70523
51,Wyoming,2011,64.68425686,69407
51,Wyoming,2012,67.13389803,66651
51,Wyoming,2013,69.13857566,66119
51,Wyoming,2014,66.16241605,66104
51,Wyoming,2015,64.18509434,67551
51,Wyoming,2016,61.00692835,65239
52,United States,1997,5583.683104,42260
52,United States,1998,5637.165659,43640
52,United States,1999,5689.771794,45192
52,United States,2000,5866.605255,46537
52,United States,2001,5762.27538,46539
52,United States,2002,5805.454689,46912
52,United States,2003,5855.026726,47841
52,United States,2004,5970.581874,49201
52,United States,2005,5991.616393,50463
52,United States,2006,5912.480786,51405
52,United States,2007,6005.227855,51874
52,United States,2008,5815.494797,51315
52,United States,2009,5395.640671,49577
52,United States,2010,5591.014797,50426
52,United States,2011,5453.563076,50829
52,United States,2012,5242.656132,51584
52,United States,2013,5371.790758,52162
52,United States,2014,5419.33117,53040
52,United States,2015,5274.115412,54157
52,United States,2016,5189.39777,54604
